-- MySQL dump 10.13  Distrib 8.0.23, for Linux (x86_64)
--
-- Host: localhost    Database: tmb
-- ------------------------------------------------------
-- Server version	8.0.23

/*!40101 SET @OLD_CHARACTER_SET_CLIENT=@@CHARACTER_SET_CLIENT */;
/*!40101 SET @OLD_CHARACTER_SET_RESULTS=@@CHARACTER_SET_RESULTS */;
/*!40101 SET @OLD_COLLATION_CONNECTION=@@COLLATION_CONNECTION */;
/*!50503 SET NAMES utf8mb4 */;
/*!40103 SET @OLD_TIME_ZONE=@@TIME_ZONE */;
/*!40103 SET TIME_ZONE='+00:00' */;
/*!40014 SET @OLD_UNIQUE_CHECKS=@@UNIQUE_CHECKS, UNIQUE_CHECKS=0 */;
/*!40014 SET @OLD_FOREIGN_KEY_CHECKS=@@FOREIGN_KEY_CHECKS, FOREIGN_KEY_CHECKS=0 */;
/*!40101 SET @OLD_SQL_MODE=@@SQL_MODE, SQL_MODE='NO_AUTO_VALUE_ON_ZERO' */;
/*!40111 SET @OLD_SQL_NOTES=@@SQL_NOTES, SQL_NOTES=0 */;

drop database if exists tmb;
create database tmb;
use tmb;

--
-- Table structure for table `accessos`
--

DROP TABLE IF EXISTS `accessos`;
/*!40101 SET @saved_cs_client     = @@character_set_client */;
/*!50503 SET character_set_client = utf8mb4 */;
CREATE TABLE `accessos` (
  `codi_access` int unsigned NOT NULL,
  `nom_access` varchar(100) DEFAULT NULL,
  `codi_estacio` int unsigned DEFAULT NULL,
  `tipus_accessibilitat` varchar(20) DEFAULT NULL,
  `ascensor` tinyint(1) DEFAULT NULL,
  PRIMARY KEY (`codi_access`),
  KEY `codi_estacio` (`codi_estacio`),
  CONSTRAINT `accessos_ibfk_1` FOREIGN KEY (`codi_estacio`) REFERENCES `estacions` (`codi_estacio`)
) ENGINE=InnoDB DEFAULT CHARSET=utf8mb4 COLLATE=utf8mb4_0900_ai_ci;
/*!40101 SET character_set_client = @saved_cs_client */;

--
-- Dumping data for table `accessos`
--

LOCK TABLES `accessos` WRITE;
/*!40000 ALTER TABLE `accessos` DISABLE KEYS */;
INSERT INTO `accessos` VALUES (11101,'Residència sanitària',6660111,'Accessible',1),(11201,'Rambla de la Marina / Avda. Granvia',6660112,'Accessible',1),(11202,'Rambla de la Marina / Merca 2',6660112,'No accessible',0),(11211,'Rambla de la Marina / Trav. Industrial',6660112,'No accessible',0),(11212,'Rambla de la Marina / Mercat Municipal',6660112,'No accessible',0),(11301,'Prat de la Riba',6660113,'No accessible',0),(11311,'Avinguda Carrilet',6660113,'Accessible',1),(11401,'Avinguda Can Serra',6660114,'No accessible',0),(11402,'Rambla Just Oliveras',6660114,'No accessible',0),(11403,'Renfe',6660114,'Accessible',1),(11501,'Parc de les Planes',6660115,'No accessible',0),(11502,'Avinguda Can Serra',6660115,'Accessible',1),(11601,'Avinguda Masnou',6660116,'Accessible',1),(11602,'Blocs Florida',6660116,'No accessible',0),(11711,'Av. Catalunya',6660117,'Accessible',1),(11712,'Rosalía de Castro',6660117,'No accessible',0),(11801,'Pont de la Torrassa',6660118,'Accessible',0),(11811,'Riera Blanca',6660118,'No accessible',0),(11901,'Riera de Tena',6660119,'Accessible',0),(12001,'Alcolea (escala mecànica)',6660120,'No accessible',0),(12002,'Alcolea',6660120,'No accessible',0),(12003,'Olzinelles',6660120,'No accessible',0),(12011,'Cros',6660120,'No accessible',0),(12012,'Riego',6660120,'No accessible',0),(12101,'Consell de Cent / Mercat',6660121,'Accessible',1),(12111,'Hostafrancs',6660121,'No accessible',0),(12121,'Moianès',6660121,'No accessible',0),(12131,'Consell de Cent',6660121,'No accessible',0),(12201,'Creu Coberta',6660122,'No accessible',0),(12202,'Tarragona',6660122,'No accessible',0),(12211,'Exposició / Paral·lel',6660122,'No accessible',0),(12212,'Exposició / Gran Via',6660122,'No accessible',0),(12301,'Rocafort / Diputació',6660123,'Accessible',1),(12302,'Rocafort / Sepúlveda',6660123,'No accessible',0),(12311,'Calàbria / Diputació',6660123,'No accessible',0),(12312,'Calàbria / Sepúlveda',6660123,'No accessible',0),(12401,'Comte d\'Urgell',6660124,'Accessible',1),(12411,'Villarroel / Diputació',6660124,'No accessible',0),(12412,'Villarroel / Sepúlveda',6660124,'No accessible',0),(12501,'Ronda Universitat',6660125,'No accessible',0),(12502,'Pelai',6660125,'No accessible',0),(12601,'Rambla Catalunya',6660126,'No accessible',0),(12602,'Ronda Universitat',6660126,'Accessible',1),(12611,'Passeig de Gràcia',6660126,'No accessible',0),(12612,'Ronda Sant Pere',6660126,'No accessible',0),(12613,'Centre Plaça',6660126,'No accessible',0),(12701,'Plaça Urquinaona',6660127,'No accessible',0),(12711,'Trafalgar',6660127,'No accessible',0),(12721,'Bruc',6660127,'No accessible',0),(12801,'Avda. Vilanova',6660128,'Accessible',1),(12811,'Nàpols',6660128,'Accessible',0),(12812,'Roger de Flor',6660128,'No accessible',0),(12901,'L\'Auditori',6660129,'Accessible',1),(12902,'Almogàvers',6660129,'No accessible',0),(13001,'Plaça de les Glòries Catalanes',6660130,'No accessible',0),(13002,'Badajoz',6660130,'No accessible',0),(13011,'Avda. Meridiana',6660130,'Accessible',1),(13101,'Aragó / Meridiana',6660131,'No accessible',0),(13111,'València',6660131,'No accessible',0),(13201,'Navas de Tolosa',6660132,'Accessible',1),(13211,'Biscaia',6660132,'No accessible',0),(13301,'Meridiana | Hondures',6660133,'Accessible',1),(13302,'Garcilaso',6660133,'Accessible',1),(13303,'Hondures',6660133,'Accessible',0),(13311,'Jardins d\'Elx',6660133,'Accessible',1),(13401,'Passeig Fabra i Puig',6660134,'No accessible',0),(13402,'Sòcrates',6660134,'No accessible',0),(13403,'Avinguda Meridiana',6660134,'No accessible',0),(13404,'Renfe',6660134,'No accessible',0),(13411,'Concepción Arenal',6660134,'Accessible',1),(13501,'Plaça d\'Orfila',6660135,'Accessible',1),(13511,'Joan Torras',6660135,'No accessible',0),(13601,'Palomar / costat muntanya',6660136,'No accessible',0),(13602,'Palomar / costat mar',6660136,'Accessible',1),(13611,'Passeig Santa Coloma / costat muntanya',6660136,'No accessible',0),(13612,'Passeig Santa Coloma / costat mar',6660136,'No accessible',0),(13701,'Via Bàrcino',6660137,'No accessible',0),(13702,'Parc de la Trinitat',6660137,'Accessible',1),(13801,'Riu Besòs',6660138,'Accessible',1),(13901,'Plaça de la Vila',6660139,'Accessible',1),(13902,'Llorenç Serra',6660139,'No accessible',0),(13903,'Avinguda Santa Coloma',6660139,'No accessible',0),(14001,'Sicília',6660140,'No accessible',0),(14002,'Mossèn Cinto Verdaguer',6660140,'Accessible',1),(21001,'Nou de la Rambla',6660210,'No accessible',0),(21002,'Avinguda Paral·lel',6660210,'Accessible',1),(21011,'Fontrodona',6660210,'No accessible',0),(21012,'Ronda Sant Pau',6660210,'No accessible',0),(21101,'Villarroel',6660211,'Accessible',1),(21111,'Sant Antoni Abat',6660211,'No accessible',0),(21112,'Urgell',6660211,'No accessible',0),(21201,'Plaça Universitat',6660125,'Accessible',1),(21211,'Ronda Sant Antoni',6660125,'No accessible',0),(21301,'Rbla. Catalunya',6660213,'Accessible',1),(21311,'Pau Claris',6660213,'No accessible',0),(21401,'Diputació / Passeig de Sant Joan',6660214,'No accessible',0),(21402,'Casp / Passeig de Sant Joan',6660214,'Accessible',1),(21501,'Marina',6660215,'Accessible',1),(21502,'Marina / Plaça de Toros',6660215,'No accessible',0),(21601,'Mallorca - Marina',6660216,'Accessible',1),(21701,'València / Mallorca',6660217,'No accessible',0),(21702,'València / Aragó',6660217,'Accessible',1),(21801,'Sibelius',6660131,'Accessible',1),(21901,'Fluvià',6660219,'Accessible',1),(21911,'Bac de Roda',6660219,'No accessible',0),(22001,'Agricultura',6660220,'Accessible',1),(22011,'Cantàbria',6660220,'No accessible',0),(22201,'Santander',6660222,'Accessible',1),(22202,'Ctra. Mataró',6660222,'No accessible',0),(22301,'Ctra. Santa Coloma',6660223,'Accessible',1),(22302,'Avinguda Joan XXIII',6660223,'No accessible',0),(22401,'Plaça Sant Roc',6660224,'No accessible',0),(22402,'Alfons XII',6660224,'Accessible',1),(22501,'Avinguda Alfons XIII',6660225,'No accessible',0),(22502,'Guifré',6660225,'Accessible',1),(22601,'Avinguda Alfons XIII',6660226,'Accessible',1),(22602,'Avinguda Marquès de Mont-roig',6660226,'No accessible',0),(22603,'Plaça Països Catalans',6660226,'No accessible',0),(22701,'Avinguda Martí Pujol',6660227,'Accessible',1),(22711,'La Creu',6660227,'Accessible',1),(31401,'Avinguda Diagonal',6660314,'No accessible',0),(31402,'Facultat d\'Estudis Empresarials',6660314,'No accessible',0),(31403,'Dr. Marañón / Diagonal',6660314,'No accessible',0),(31404,'Parc Cervantes',6660314,'No accessible',0),(31501,'Avda. Diagonal',6660315,'Accessible',1),(31503,'Avda. Diagonal',6660315,'No accessible',0),(31504,'Palau de Pedralbes',6660315,'No accessible',0),(31602,'Av. Diagonal / Doctor Ferran',6660316,'No accessible',0),(31603,'Gran Via Carles III',6660316,'Accessible',1),(31604,'Capità Arenas',6660316,'No accessible',0),(31701,'Travessera de les Corts',6660317,'Accessible',1),(31702,'Joan Güell',6660317,'No accessible',0),(31801,'Plaça del Centre (mar)',6660318,'Accessible',1),(31802,'Plaça del Centre (muntanya)',6660318,'No accessible',0),(31901,'Pl. Països Catalans / Numància / Ambulatori',6660319,'Accessible',1),(31902,'Av. Josep Tarradellas',6660319,'No accessible',0),(31911,'Numància',6660319,'No accessible',0),(31912,'Enric Bargés',6660319,'No accessible',0),(32001,'Elisi',6660320,'No accessible',0),(32002,'València',6660320,'No accessible',0),(32003,'Tarragona',6660320,'No accessible',0),(32004,'Aragó',6660320,'Accessible',1),(32101,'Avinguda Paral·lel',6660122,'No accessible',0),(32102,'Exposició',6660122,'No accessible',0),(32201,'Manso',6660322,'No accessible',0),(32202,'Teodor Bonaplata',6660322,'No accessible',0),(32211,'Parlament',6660322,'No accessible',0),(32401,'La Rambla',6660324,'Accessible',1),(32403,'Santa Madrona',6660324,'No accessible',0),(32411,'Drassanes',6660324,'Accessible',1),(32501,'La Rambla / Mercat de la Boqueria',6660325,'No accessible',0),(32511,'La Rambla / Mercat de la Boqueria',6660325,'No accessible',0),(32521,'La Rambla / Teatre Liceu',6660325,'Accessible',1),(32531,'La Rambla / Teatre Liceu',6660325,'Accessible',1),(32601,'La Rambla',6660126,'No accessible',0),(32603,'Pelai',6660126,'Accessible',1),(32604,'Bergara',6660126,'No accessible',0),(32701,'Aragó / Pau Claris',6660213,'Accessible',1),(32702,'Aragó / Rambla Catalunya',6660213,'No accessible',0),(32711,'Consell de Cent',6660213,'No accessible',0),(32801,'Pg. de Gràcia / Rambla Catalunya',6660328,'Accessible',1),(32802,'Pg. de Gràcia / Pau Claris ',6660328,'No accessible',0),(32803,'Pg. de Gràcia (escala mecànica)',6660328,'No accessible',0),(32811,'Diagonal / Rambla Catalunya',6660328,'No accessible',0),(32812,'Diagonal / Pau Claris',6660328,'No accessible',0),(32901,'Gran de Gràcia / Astúries',6660329,'Accessible',0),(33001,'Septimània',6660330,'No accessible',0),(33011,'Plaça Lesseps',6660330,'Accessible',1),(33101,'Avinguda República Argentina',6660331,'No accessible',0),(33102,'Gomis',6660331,'No accessible',0),(33103,'Avinguda Vallcarca + Parc Güell',6660331,'No accessible',0),(33201,'Avinguda Vallcarca',6660332,'No accessible',0),(33202,'Anna Piferrer',6660332,'Accessible',1),(33301,'Mercat de Vall d\'Hebron',6660333,'Accessible',1),(33401,'Parc Vall d\'Hebron',6660334,'No accessible',0),(33402,'Residència Sanitària / Llars Mundet',6660334,'Accessible',1),(33403,'Palau  Olímpic Vall d\'Hebron',6660334,'Accessible',0),(33501,'Can Marcet',6660335,'Accessible',0),(33502,'Salesians',6660335,'Accessible',0),(33503,'Passeig Vall d\'Hebron',6660335,'Accessible',1),(33601,'Passeig Valldaura',6660336,'Accessible',1),(33701,'Via Favència',6660337,'Accessible',1),(33711,'García Lorca',6660337,'No accessible',0),(33801,'Vidal i Guasch',6660338,'Accessible',1),(33811,'Jaume Pinent',6660338,'Accessible',1),(33812,'Carrer de les Torres',6660338,'No accessible',0),(33901,'Palamós',6660339,'Accessible',0),(41301,'Rambla Guipúscoa / Ca n\'Oliva',6660221,'Semi-accessible',1),(41401,'Gran Via de les Corts Catalanes',6660414,'No accessible',0),(41402,'Tram Besòs',6660414,'Accessible',1),(41501,'Jaume Fabre',6660415,'Accessible',1),(41511,'Ferrer Bassa',6660415,'No accessible',0),(41601,'Rambla de Prim',6660416,'Accessible',1),(41611,'Avinguda Diagonal',6660416,'No accessible',0),(41701,'Selva de Mar',6660417,'No accessible',0),(41711,'Provençals',6660417,'Accessible',1),(41801,'Pujades / Bilbao',6660418,'Accessible',1),(41901,'Pujades / Ciutat de Granada',6660419,'Accessible',1),(42001,'Pujades / Pere IV',6660420,'No accessible',0),(42011,'Pujades',6660420,'Accessible',1),(42101,'Avinguda Icària',6660421,'No accessible',0),(42102,'Zoo',6660421,'No accessible',0),(42201,'Plaça Pau Vila',6660422,'Accessible',1),(42301,'Plaça de l\'Àngel',6660423,'Accessible',1),(42311,'Argenteria',6660423,'Accessible',1),(42401,'Plaça Urquinaona',6660127,'No accessible',0),(42411,'Jonqueres',6660127,'No accessible',0),(42501,'Passeig de Gràcia / Gran Via',6660213,'No accessible',0),(42601,'Consell de Cent',6660426,'Accessible',1),(42602,'Girona',6660426,'No accessible',0),(42701,'Passeig Sant Joan',6660427,'No accessible',0),(42801,'Escorial',6660428,'Accessible',1),(42802,'Pi i Margall',6660428,'No accessible',0),(42901,'Ronda Guinardó',6660429,'Accessible',1),(42902,'Lepant',6660429,'No accessible',0),(42903,'Plaça Alfons el Savi',6660429,'No accessible',0),(43001,'Sant Quintí',6660430,'Accessible',1),(43012,'Hospital de Sant Pau',6660430,'Accessible',0),(43101,'Ronda Guinardó',6660431,'No accessible',0),(43201,'Passeig Verdum / Llucmajor',6660432,'Accessible',1),(43202,'Plaça Jardins d\'Alfàbia',6660432,'No accessible',0),(43211,'Pi i Molist',6660432,'No accessible',0),(43301,'Via Júlia / Joaquim Valls',6660433,'Accessible',1),(43311,'Via Júlia / Argullós',6660433,'No accessible',0),(43401,'Pedrosa',6660339,'Accessible',0),(43402,'Aiguablava',6660339,'No accessible',0),(50901,'Plaça Estació',6660509,'Accessible',1),(51001,'Lindavista',6660510,'Accessible',1),(51002,'Plaça Tàrrega',6660510,'No accessible',0),(51101,'Avinguda República Argentina',6660511,'No accessible',0),(51102,'Mercat Sant Ildefons',6660511,'Accessible',1),(51201,'Estronci',6660512,'Accessible',1),(51301,'Hortènsia',6660513,'No accessible',0),(51311,'Maladeta',6660513,'Accessible',1),(51401,'Avinguda Josep Molins',6660514,'Accessible',1),(51402,'Esteve Grau',6660514,'No accessible',0),(51411,'Doctor Ramon Solanich',6660514,'No accessible',0),(51501,'Travessera de les Corts',6660515,'No accessible',0),(51502,'Doctor Martí i Julià',6660515,'No accessible',0),(51601,'Carrer de Sants',6660516,'No accessible',0),(51602,'Carreras i Candi',6660516,'No accessible',0),(51611,'Carrer de Sants / Arizala',6660516,'Accessible',1),(51701,'Plaça de Sants',6660120,'No accessible',0),(51702,'Galileu',6660120,'No accessible',0),(51801,'Estació RENFE / Pl. Joan Peiró',6660319,'Accessible',0),(51802,'Estació RENFE / Pl. Països Catalans',6660319,'Accessible',0),(51901,'Rocafort',6660519,'Accessible',1),(51911,'Entença',6660519,'No accessible',0),(52001,'Villarroel',6660520,'No accessible',0),(52011,'Comte d\'Urgell',6660520,'No accessible',0),(52012,'Rosselló',6660520,'Accessible',1),(52101,'Rambla Catalunya',6660328,'Accessible',1),(52111,'Rosselló / FGC',6660328,'No accessible',0),(52201,'Bailèn',6660427,'No accessible',0),(52211,'Avinguda Diagonal',6660427,'No accessible',0),(52212,'Girona',6660427,'No accessible',0),(52301,'Provença / Avinguda Gaudí',6660216,'Accessible',1),(52311,'Sardenya',6660216,'No accessible',0),(52312,'Plaça de la Sagrada Família',6660216,'No accessible',0),(52401,'Dos de Maig',6660524,'Accessible',1),(52411,'Cartagena',6660524,'No accessible',0),(52501,'Passeig Maragall',6660525,'Accessible',1),(52511,'Indústria',6660525,'No accessible',0),(52611,'Felip II',6660133,'Accessible',1),(52701,'Matanzas',6660527,'Accessible',1),(52711,'Francesc Tàrrega',6660527,'No accessible',0),(52801,'Ramon Albó',6660431,'No accessible',0),(52811,'Avinguda dels Quinze',6660431,'No accessible',0),(52812,'Prat d\'en Roquer',6660431,'No accessible',0),(52901,'Pi i Molist',6660529,'No accessible',0),(52902,'Fabra i Puig',6660529,'No accessible',0),(52903,'Virrei Amat (muntanya)',6660529,'Accessible',1),(52911,'Felip II / Virrei Amat',6660529,'No accessible',0),(52912,'Virrei Amat (mar)',6660529,'No accessible',0),(53001,'Canfranc',6660530,'No accessible',0),(53002,'Cartellà',6660530,'No accessible',0),(53011,'Passeig de les Palmeres',6660530,'Accessible',1),(53012,'Teide',6660530,'Accessible',1),(53101,'Plaça Eivissa',6660531,'No accessible',0),(53102,'Tajo',6660531,'No accessible',0),(53111,'Lisboa',6660531,'Accessible',1),(53201,'Plaça Pastrana',6660532,'Accessible',1),(53211,'Llobregós',6660532,'No accessible',0),(53212,'Mercat',6660532,'Accessible',1),(53301,'Passeig Mare de Déu del Coll',6660533,'Accessible',1),(53302,'Beat Almató',6660533,'Accessible',0),(53311,'Arenys',6660533,'Accessible',1),(53401,'Residència Sanitària',6660333,'Accessible',1),(53402,'Avinguda Jordà',6660333,'No accessible',0),(90101,'Aeroport T1',6660901,'Accessible',0),(90301,'Aeroport T2',6660903,'Accessible',1),(90401,'Avinguda de Les Garrigues / Alta Ribagorça',6660904,'Accessible',1),(90501,'Riu Llobregat / Riu Xúquer',6660905,'Accessible',1),(90511,'Riu Llobregat / Riu Ebre',6660905,'No accessible',0),(90601,'Plaça Catalunya',6660906,'Accessible',1),(90602,'C. Lleida',6660906,'No accessible',0),(90701,'Doctor Soler i Torrens',6660907,'Accessible',1),(90901,'Av. Verge de Montserrat / Ctra. de la Marina',6660909,'Accessible',1),(90902,'Av. Verge de Montserrat / Les Moreres',6660909,'No accessible',0),(91001,'Carrer K / Carrer Transversal 6',6660910,'Accessible',1),(91101,'Av. Parc Logístic / C. Número Un',6660911,'Accessible',1),(91102,'Av. Parc Logístic / C. Número Vint-i-cinc',6660911,'No accessible',0),(91201,'Botànica + Accés NORD | EST',6660912,'Accessible',1),(91202,'Accés SUD',6660912,'Accessible',0),(91301,'Fira Gran Via',6660913,'Accessible',1),(91311,'Plaça Europa',6660913,'Accessible',1),(91401,'Can Tries - Narcís de Monturiol',6660914,'Accessible',1),(91601,'Av. Sant Ramon',6660515,'Accessible',1),(91801,'Dr. Marañón',6660314,'Accessible',1),(93201,'Onze de Setembre',6660932,'Accessible',1),(93301,'Sant Adrià',6660933,'Accessible',1),(93401,'Avinguda d\'Amèrica',6660934,'Accessible',0),(93402,'Avinguda d\'Amèrica (mercat)',6660934,'Accessible',1),(93403,'Ronda Sant Antoni',6660934,'Accessible',0),(93501,'Marquès de Sant Mori',6660935,'No accessible',0),(93502,'Quevedo',6660935,'No accessible',0),(93503,'Juan Valera',6660935,'Accessible',1),(93504,'Austràlia',6660935,'No accessible',0),(93601,'Antoni Bori',6660225,'Accessible',1),(94001,'Avinguda Santa Coloma',6660940,'Accessible',1),(94002,'Avinguda Banús Baixa',6660940,'No accessible',0),(94101,'Banús Baixa',6660941,'Accessible',0),(94301,'Mossèn Camil Rossell',6660943,'Accessible',3),(94401,'Passatge de Salvatella',6660944,'Accessible',1),(94501,'Francesc Macià',6660945,'Accessible',1),(95401,'Carrer A / Carrer 1',6660954,'Accessible',0),(95402,'Carrer A / Carrer 2',6660954,'Accessible',0),(95403,'Carrer A costat mar',6660954,'Accessible',0),(95601,'Fira Gran Via (Pavellons 6·7·8)',6660956,'Accessible',1),(95602,'Foc (costat Montjuïc)',6660956,'Accessible',1),(95701,'Jardins dels Drets Humans',6660957,'Accessible',1),(95702,'Mercat de la Marina',6660957,'Accessible',1),(95801,'Gran Via / Alhambra',6660958,'Accessible',1),(95802,'Ciutat de la Justícia',6660958,'No accessible',0),(95901,'Aprestadora / Rosell',6660959,'Accessible',1),(113701,'Aiguablava',6661137,'Accessible',0),(113801,'Avinguda Escolapi Càncer',6661138,'Accessible',1),(113811,'Sant Feliu de Codines',6661138,'Accessible',1),(113901,'Avinguda Rasos de Peguera',6661139,'Accessible',1),(114001,'Circumval·lació',6661140,'Accessible',1),(114011,'Les Fustes',6661140,'Accessible',0),(990201,'Avinguda Miramar',6669902,'Accessible',0);
/*!40000 ALTER TABLE `accessos` ENABLE KEYS */;
UNLOCK TABLES;

--
-- Table structure for table `estacions`
--

DROP TABLE IF EXISTS `estacions`;
/*!40101 SET @saved_cs_client     = @@character_set_client */;
/*!50503 SET character_set_client = utf8mb4 */;
CREATE TABLE `estacions` (
  `codi_estacio` int unsigned NOT NULL,
  `nom_estacio` varchar(100) DEFAULT NULL,
  `picto` varchar(15) DEFAULT NULL,
  `posicio` varchar(100) DEFAULT NULL,
  PRIMARY KEY (`codi_estacio`)
) ENGINE=InnoDB DEFAULT CHARSET=utf8mb4 COLLATE=utf8mb4_0900_ai_ci;
/*!40101 SET character_set_client = @saved_cs_client */;

--
-- Dumping data for table `estacions`
--

LOCK TABLES `estacions` WRITE;
/*!40000 ALTER TABLE `estacions` DISABLE KEYS */;
INSERT INTO `estacions` VALUES (6660111,'Hospital de Bellvitge','L1','POINT (2.1072421350644093 41.344677452264776)'),(6660112,'Bellvitge','L1','POINT (2.1109182897923735 41.35097352459213)'),(6660113,'Av. Carrilet','L1','POINT (2.1026452939747284 41.35852162448053)'),(6660114,'Rambla Just Oliveras','L1','POINT (2.0997493392175293 41.3640899130925)'),(6660115,'Can Serra','L1','POINT (2.10275470564125 41.36769339471756)'),(6660116,'Florida','L1','POINT (2.1100273658989885 41.36831605180378)'),(6660117,'Torrassa','L1L9SL10S','POINT (2.1160894327460174 41.36826071279739)'),(6660118,'Santa Eulàlia','L1','POINT (2.1286172553621183 41.36881637467315)'),(6660119,'Mercat Nou','L1','POINT (2.133535784694404 41.373002700088556)'),(6660120,'Plaça de Sants','L1L5','POINT (2.135575555495535 41.3755322522621)'),(6660121,'Hostafrancs','L1','POINT (2.1432912673316498 41.37525362810128)'),(6660122,'Espanya','L1L3','POINT (2.1493870030135134 41.37545911098498)'),(6660123,'Rocafort','L1','POINT (2.154562483439547 41.37923215305268)'),(6660124,'Urgell','L1','POINT (2.1588909108500465 41.38248740020102)'),(6660125,'Universitat','L1L2','POINT (2.1640585462441195 41.385587897267456)'),(6660126,'Catalunya','L1L3','POINT (2.1697167625790152 41.38771322435357)'),(6660127,'Urquinaona','L1L4','POINT (2.173667761230702 41.38884688371719)'),(6660128,'Arc de Triomf','L1','POINT (2.181164673248104 41.392336659636584)'),(6660129,'Marina','L1','POINT (2.1858010331425235 41.39472528791244)'),(6660130,'Glòries','L1','POINT (2.187537470950601 41.4022772166665)'),(6660131,'Clot','L1L2','POINT (2.186978119157032 41.41051171434685)'),(6660132,'Navas','L1','POINT (2.1870567842653172 41.41618670887784)'),(6660133,'La Sagrera','L1L5L9NL10N','POINT (2.1868113297846263 41.420695942446166)'),(6660134,'Fabra i Puig','L1','POINT (2.183661431503222 41.42963259534842)'),(6660135,'Sant Andreu','L1','POINT (2.1911883955920586 41.436610370679226)'),(6660136,'Torras i Bages','L1','POINT (2.190670630058029 41.44322471120022)'),(6660137,'Trinitat Vella','L1','POINT (2.19383728111338 41.448956491210204)'),(6660138,'Baró de Viver','L1','POINT (2.1995630177315273 41.449935998152824)'),(6660139,'Santa Coloma','L1','POINT (2.2079694594622845 41.451067345464494)'),(6660140,'Fondo','L1L9N','POINT (2.2185381152902193 41.45168718673928)'),(6660210,'Paral·lel','L2L3FM','POINT (2.169029367599338 41.37458125876583)'),(6660211,'Sant Antoni','L2','POINT (2.1632411382555055 41.37983283932031)'),(6660213,'Passeig de Gràcia','L2L3L4','POINT (2.16735100565212 41.390106323828306)'),(6660214,'Tetuan','L2','POINT (2.175559181787991 41.394887450597096)'),(6660215,'Monumental','L2','POINT (2.1794616714099684 41.40052374172786)'),(6660216,'Sagrada Família','L2L5','POINT (2.1744904092907813 41.4044190945986)'),(6660217,'Encants','L2','POINT (2.182700370252568 41.40723597843338)'),(6660219,'Bac de Roda','L2','POINT (2.1955032531185723 41.41516206251577)'),(6660220,'Sant Martí','L2','POINT (2.2007239139818875 41.419063621458996)'),(6660221,'La Pau','L2L4','POINT (2.2058782008215694 41.42325111713883)'),(6660222,'Verneda','L2','POINT (2.209883422365895 41.43000446400387)'),(6660223,'Artigues | Sant Adrià','L2','POINT (2.217771760065826 41.43384822541837)'),(6660224,'Sant Roc','L2','POINT (2.22860617965681 41.43583082252647)'),(6660225,'Gorg','L2L10N','POINT (2.2338070592317414 41.440259861510704)'),(6660226,'Pep Ventura','L2','POINT (2.237959375095989 41.4439045741019)'),(6660227,'Badalona Pompeu Fabra','L2','POINT (2.244099157218408 41.449052604746285)'),(6660314,'Zona Universitària','L3L9S','POINT (2.111388924148772 41.38400257249017)'),(6660315,'Palau Reial','L3','POINT (2.118538181084618 41.385980056620134)'),(6660316,'Maria Cristina','L3','POINT (2.125791232923749 41.38781569227959)'),(6660317,'Les Corts','L3','POINT (2.1308710146162624 41.384119684361195)'),(6660318,'Plaça del Centre','L3','POINT (2.1358837134051947 41.38192170670766)'),(6660319,'Sants Estació','L3L5','POINT (2.141892378878913 41.380961180119144)'),(6660320,'Tarragona','L3','POINT (2.1453357748823865 41.378493002424634)'),(6660322,'Poble Sec','L3','POINT (2.1602448223915327 41.374996204246344)'),(6660324,'Drassanes','L3','POINT (2.1756641701931962 41.37653760970823)'),(6660325,'Liceu','L3','POINT (2.1730302773575945 41.3814454250764)'),(6660328,'Diagonal','L3L5','POINT (2.160443763922243 41.395676604785294)'),(6660329,'Fontana','L3','POINT (2.1530224404295164 41.40200887904024)'),(6660330,'Lesseps','L3','POINT (2.1504071221317904 41.405738025515355)'),(6660331,'Vallcarca','L3','POINT (2.144337309169914 41.411974951406016)'),(6660332,'Penitents','L3','POINT (2.140971786114312 41.41827911730064)'),(6660333,'Vall d\'Hebron','L3L5','POINT (2.1425147148937467 41.425123138465146)'),(6660334,'Montbau','L3','POINT (2.145039277808795 41.43062015567553)'),(6660335,'Mundet','L3','POINT (2.1484718023518736 41.435645266968535)'),(6660336,'Valldaura','L3','POINT (2.1568778304495613 41.437996077035756)'),(6660337,'Canyelles','L3','POINT (2.166387551719736 41.44175372856857)'),(6660338,'Roquetes','L3','POINT (2.1760976903706806 41.44766967770127)'),(6660339,'Trinitat Nova','L3L4L11','POINT (2.1828552069968574 41.449762105902664)'),(6660414,'Besòs','L4','POINT (2.210301299420953 41.419835530278384)'),(6660415,'Besòs Mar','L4','POINT (2.216081591411872 41.415098995619424)'),(6660416,'El Maresme | Fòrum','L4','POINT (2.216548081875298 41.411685717467044)'),(6660417,'Selva de Mar','L4','POINT (2.209122498871073 41.40800151156723)'),(6660418,'Poblenou','L4','POINT (2.2033712341158838 41.40371611757544)'),(6660419,'Llacuna','L4','POINT (2.197711708647738 41.39942503860002)'),(6660420,'Bogatell','L4','POINT (2.192012401533471 41.395107503840855)'),(6660421,'Ciutadella | Vila Olímpica','L4','POINT (2.192963138448486 41.38664023480152)'),(6660422,'Barceloneta','L4','POINT (2.184786783641099 41.381810977055316)'),(6660423,'Jaume I','L4','POINT (2.178531464537553 41.384126274544364)'),(6660426,'Girona','L4','POINT (2.17082483204024 41.394920347488814)'),(6660427,'Verdaguer','L4L5','POINT (2.168312882339719 41.39996847675383)'),(6660428,'Joanic','L4','POINT (2.16322502517123 41.40642689565163)'),(6660429,'Alfons X','L4','POINT (2.166511957375424 41.412415682383845)'),(6660430,'Guinardó | Hospital de Sant Pau ','L4','POINT (2.1739890445261802 41.415962196795135)'),(6660431,'Maragall','L4L5','POINT (2.177412716857448 41.42412908114067)'),(6660432,'Llucmajor','L4','POINT (2.173343398047292 41.43698464869135)'),(6660433,'Via Júlia','L4','POINT (2.178549960776955 41.443730234715765)'),(6660509,'Cornellà Centre','L5','POINT (2.0704280856264488 41.35728982068586)'),(6660510,'Gavarra','L5','POINT (2.0792727787982708 41.357994934130915)'),(6660511,'Sant Ildefons','L5','POINT (2.084392786677159 41.363381080148336)'),(6660512,'Can Boixeres','L5','POINT (2.0915060884648176 41.366570750436026)'),(6660513,'Can Vidalet','L5','POINT (2.099445030163751 41.37127879519907)'),(6660514,'Pubilla Cases','L5','POINT (2.1072090599014683 41.373837586750604)'),(6660515,'Collblanc','L5L9SL10S','POINT (2.1185256293277304 41.37583966750611)'),(6660516,'Badal','L5','POINT (2.127402112543491 41.37558063118747)'),(6660519,'Entença','L5','POINT (2.145618590090013 41.38446685535986)'),(6660520,'Hospital Clínic','L5','POINT (2.151081070999777 41.388607764469285)'),(6660524,'Sant Pau | Dos de Maig','L5','POINT (2.1760160280003675 41.41075327997014)'),(6660525,'Camp de l\'Arpa','L5','POINT (2.181497212109148 41.41505960638405)'),(6660527,'Congrés','L5','POINT (2.181186224264109 41.42344042865811)'),(6660529,'Virrei Amat','L5','POINT (2.174913058009734 41.42970333896579)'),(6660530,'Vilapicina','L5','POINT (2.167619083986825 41.430465066864016)'),(6660531,'Horta','L5','POINT (2.159833963819041 41.42970247080265)'),(6660532,'El Carmel','L5','POINT (2.1550912068881027 41.42456536375321)'),(6660533,'El Coll | La Teixonera','L5','POINT (2.1484947003072006 41.42194353379132)'),(6660901,'Aeroport T1','L9S','POINT (2.07115199121738 41.28829483589318)'),(6660903,'Aeroport T2','L9S','POINT (2.0731133341366688 41.30382333421845)'),(6660904,'Mas Blau','L9S','POINT (2.0734710574676423 41.311225361691974)'),(6660905,'Parc Nou','L9S','POINT (2.0879294280214027 41.316628454057685)'),(6660906,'Cèntric','L9S','POINT (2.0934632422362887 41.322250016313035)'),(6660907,'El Prat Estació','L9S','POINT (2.0899271044508416 41.33199264221667)'),(6660909,'Les Moreres','L9S','POINT (2.103073086929979 41.329118641471766)'),(6660910,'Mercabarna','L9S','POINT (2.1112571611632744 41.33350192178616)'),(6660911,'Parc Logístic','L9S','POINT (2.127401250786491 41.341663546077285)'),(6660912,'Fira','L9S','POINT (2.130451504489052 41.35198805477054)'),(6660913,'Europa | Fira','L9S','POINT (2.1259237814712875 41.35756042682608)'),(6660914,'Can Tries | Gornal','L9SL10S','POINT (2.117992580878504 41.36089363267124)'),(6660932,'Onze de Setembre','L9NL10N','POINT (2.1936102147938596 41.429617492467266)'),(6660933,'Bon Pastor','L9NL10N','POINT (2.205240266717371 41.436162697479354)'),(6660934,'Llefià','L10N','POINT (2.216906383705608 41.441359580549786)'),(6660935,'La Salut','L10N','POINT (2.224737073931071 41.442817097125406)'),(6660940,'Can Peixauet','L9N','POINT (2.2100273277790428 41.44398590815181)'),(6660941,'Santa Rosa','L9N','POINT (2.2158089802865106 41.44685031178436)'),(6660943,'Església Major','L9N','POINT (2.212176867433306 41.454797043178395)'),(6660944,'Singuerlín','L9N','POINT (2.2054288460907183 41.45941351575915)'),(6660945,'Can Zam','L9N','POINT (2.1985694162738683 41.456666111515304)'),(6660954,'Zona Franca','L10S','POINT (2.144964431606467 41.34297610170164)'),(6660956,'Foc','L10S','POINT (2.1418043174739214 41.35616086809139)'),(6660957,'Foneria','L10S','POINT (2.1382289088556874 41.3610992396304)'),(6660958,'Ciutat de la Justícia','L10S','POINT (2.1323149668540133 41.36313727354129)'),(6660959,'Provençana','L10S','POINT (2.124099793279222 41.36135378238542)'),(6661137,'Casa de l\'Aigua','L11','POINT (2.1848675065789664 41.45130264056899)'),(6661138,'Torre Baró | Vallbona','L11','POINT (2.1799247232049574 41.459199265870744)'),(6661139,'Ciutat Meridiana','L11','POINT (2.174719982185329 41.46073960333379)'),(6661140,'Can Cuiàs','L11','POINT (2.1730500388246363 41.462422237692216)'),(6669902,'Parc de Montjuïc','FM','POINT (2.163268768163695 41.36895607486559)');
/*!40000 ALTER TABLE `estacions` ENABLE KEYS */;
UNLOCK TABLES;

--
-- Table structure for table `estacions_linies`
--

DROP TABLE IF EXISTS `estacions_linies`;
/*!40101 SET @saved_cs_client     = @@character_set_client */;
/*!50503 SET character_set_client = utf8mb4 */;
CREATE TABLE `estacions_linies` (
  `codi_estacio` int unsigned NOT NULL,
  `nom_linia` varchar(4) NOT NULL,
  `ordre_estacio` tinyint unsigned DEFAULT NULL,
  `tipus_accessibilitat` varchar(20) DEFAULT NULL,
  `tipus_estat` varchar(20) DEFAULT NULL,
  `data_inauguracio` date DEFAULT NULL,
  PRIMARY KEY (`codi_estacio`,`nom_linia`),
  KEY `nom_linia` (`nom_linia`),
  CONSTRAINT `estacions_linies_ibfk_1` FOREIGN KEY (`codi_estacio`) REFERENCES `estacions` (`codi_estacio`),
  CONSTRAINT `estacions_linies_ibfk_2` FOREIGN KEY (`nom_linia`) REFERENCES `linies` (`nom_linia`)
) ENGINE=InnoDB DEFAULT CHARSET=utf8mb4 COLLATE=utf8mb4_0900_ai_ci;
/*!40101 SET character_set_client = @saved_cs_client */;

--
-- Dumping data for table `estacions_linies`
--

LOCK TABLES `estacions_linies` WRITE;
/*!40000 ALTER TABLE `estacions_linies` DISABLE KEYS */;
INSERT INTO `estacions_linies` VALUES (6660111,'L1',1,'Accessible','Operatiu','1989-10-18'),(6660112,'L1',2,'Accessible','Operatiu','1989-10-18'),(6660113,'L1',3,'Accessible','Operatiu','1987-04-24'),(6660114,'L1',4,'Accessible','Operatiu','1987-04-24'),(6660115,'L1',5,'Accessible','Operatiu','1987-04-24'),(6660116,'L1',6,'Accessible','Operatiu','1987-04-24'),(6660117,'L1',7,'Accessible','Operatiu','1983-12-23'),(6660117,'L10S',7,'Accessible','Operatiu','2016-02-13'),(6660117,'L9S',13,'Accessible','Operatiu','2016-02-13'),(6660118,'L1',8,'Accessible','Operatiu','1983-12-23'),(6660119,'L1',9,'Accessible','Operatiu','1926-06-10'),(6660120,'L1',10,'No accessible','Operatiu','1926-06-10'),(6660120,'L5',9,'No accessible','Operatiu','1969-11-30'),(6660121,'L1',11,'Accessible','Operatiu','1926-06-10'),(6660122,'L1',12,'No accessible','Operatiu','1926-06-10'),(6660122,'L3',8,'No accessible','Operatiu','1975-07-15'),(6660123,'L1',13,'Accessible','Operatiu','1926-06-10'),(6660124,'L1',14,'Accessible','Operatiu','1926-06-10'),(6660125,'L1',15,'Accessible','Operatiu','1926-06-10'),(6660125,'L2',3,'Accessible','Operatiu','1995-09-25'),(6660126,'L1',16,'Accessible','Operatiu','1926-06-10'),(6660126,'L3',13,'Accessible','Operatiu','1924-12-30'),(6660127,'L1',17,'No accessible','Operatiu','1933-07-01'),(6660127,'L4',12,'No accessible','Operatiu','1924-12-30'),(6660128,'L1',18,'Accessible','Operatiu','1933-07-01'),(6660129,'L1',19,'Accessible','Operatiu','1933-04-01'),(6660130,'L1',20,'Accessible','Operatiu','1951-06-23'),(6660131,'L1',21,'No accessible','Operatiu','1951-06-23'),(6660131,'L2',9,'Accessible','Operatiu','1997-09-20'),(6660132,'L1',22,'Accessible','Operatiu','1953-05-08'),(6660133,'L1',23,'Accessible','Operatiu','1954-01-27'),(6660133,'L10N',1,'Accessible','Planificat','2010-06-26'),(6660133,'L5',18,'Accessible','Operatiu','1959-07-21'),(6660133,'L9N',1,'Accessible','Operatiu','2010-06-26'),(6660134,'L1',24,'Accessible','Operatiu','1954-05-15'),(6660135,'L1',25,'Accessible','Operatiu','1968-03-14'),(6660136,'L1',26,'Accessible','Operatiu','1968-03-14'),(6660137,'L1',27,'Accessible','Operatiu','1983-12-21'),(6660138,'L1',28,'Accessible','Operatiu','1983-12-21'),(6660139,'L1',29,'Accessible','Operatiu','1983-12-21'),(6660140,'L1',30,'Accessible','Operatiu','1992-02-18'),(6660140,'L9N',6,'Accessible','Operatiu','2009-12-13'),(6660210,'FM',1,'Accessible','Operatiu','1928-10-24'),(6660210,'L2',1,'Accessible','Operatiu','1995-12-31'),(6660210,'L3',10,'Accessible','Operatiu','1970-06-17'),(6660211,'L2',2,'Accessible','Operatiu','1995-09-25'),(6660213,'L2',4,'Accessible','Operatiu','1995-09-25'),(6660213,'L3',14,'Accessible','Operatiu','1924-12-30'),(6660213,'L4',13,'Accessible','Operatiu','1973-02-05'),(6660214,'L2',5,'Accessible','Operatiu','1995-09-25'),(6660215,'L2',6,'Accessible','Operatiu','1995-09-25'),(6660216,'L2',7,'Accessible','Operatiu','1995-09-25'),(6660216,'L5',15,'Accessible','Operatiu','1970-06-26'),(6660217,'L2',8,'Accessible','Operatiu','1997-09-20'),(6660219,'L2',10,'Accessible','Operatiu','1997-09-20'),(6660220,'L2',11,'Accessible','Operatiu','1997-09-20'),(6660221,'L2',12,'Accessible','Operatiu','1997-09-20'),(6660221,'L4',1,'Accessible','Operatiu','1982-10-15'),(6660222,'L2',13,'Accessible','Operatiu','1985-04-22'),(6660223,'L2',14,'Accessible','Operatiu','1985-04-22'),(6660224,'L2',15,'Accessible','Operatiu','1985-04-22'),(6660225,'L10N',6,'Accessible','Planificat','2010-04-18'),(6660225,'L2',16,'Accessible','Operatiu','1985-04-22'),(6660226,'L2',17,'Accessible','Operatiu','1985-04-22'),(6660227,'L2',18,'Accessible','Operatiu','2010-07-11'),(6660314,'L3',1,'Accessible','Operatiu','1975-01-20'),(6660314,'L9S',15,'Accessible','Operatiu','2016-02-13'),(6660315,'L3',2,'Accessible','Operatiu','1975-01-20'),(6660316,'L3',3,'Accessible','Operatiu','1975-01-20'),(6660317,'L3',4,'Accessible','Operatiu','1975-01-20'),(6660318,'L3',5,'Accessible','Operatiu','1975-01-20'),(6660319,'L3',6,'Accessible','Operatiu','1975-01-20'),(6660319,'L5',10,'Accessible','Operatiu','1969-11-30'),(6660320,'L3',7,'Accessible','Operatiu','1975-01-20'),(6660322,'L3',9,'Accessible','Operatiu','1975-07-15'),(6660324,'L3',11,'Accessible','Operatiu','1968-12-14'),(6660325,'L3',12,'Accessible','Operatiu','1925-07-05'),(6660328,'L3',15,'Accessible','Operatiu','1924-12-30'),(6660328,'L5',13,'Accessible','Operatiu','1969-11-30'),(6660329,'L3',16,'Accessible','Operatiu','1925-05-31'),(6660330,'L3',17,'Accessible','Operatiu','1924-12-31'),(6660331,'L3',18,'No accessible','Operatiu','1985-11-06'),(6660332,'L3',19,'Accessible','Operatiu','1985-11-06'),(6660333,'L3',20,'Accessible','Operatiu','1985-11-06'),(6660333,'L5',26,'Accessible','Operatiu','2010-07-30'),(6660334,'L3',21,'Accessible','Operatiu','1985-11-06'),(6660335,'L3',22,'Accessible','Operatiu','2001-09-21'),(6660336,'L3',23,'Accessible','Operatiu','2001-09-21'),(6660337,'L3',24,'Accessible','Operatiu','2001-09-21'),(6660338,'L3',25,'Accessible','Operatiu','2008-10-04'),(6660339,'L11',1,'Accessible','Operatiu','2003-12-15'),(6660339,'L3',26,'Accessible','Operatiu','2008-10-04'),(6660339,'L4',22,'Accessible','Operatiu','1999-04-20'),(6660414,'L4',2,'Accessible','Operatiu','1982-10-15'),(6660415,'L4',3,'Accessible','Operatiu','1982-10-15'),(6660416,'L4',4,'Accessible','Operatiu','2003-09-02'),(6660417,'L4',5,'Accessible','Operatiu','1977-10-07'),(6660418,'L4',6,'Accessible','Operatiu','1977-10-07'),(6660419,'L4',7,'Accessible','Operatiu','1977-10-07'),(6660420,'L4',8,'Accessible','Operatiu','1977-10-07'),(6660421,'L4',9,'No accessible','Operatiu','1977-10-07'),(6660422,'L4',10,'Accessible','Operatiu','1976-03-15'),(6660423,'L4',11,'Accessible','Operatiu','1924-12-30'),(6660426,'L4',14,'Accessible','Operatiu','1973-02-05'),(6660427,'L4',15,'No accessible','Operatiu','1973-02-05'),(6660427,'L5',14,'No accessible','Operatiu','1970-06-26'),(6660428,'L4',16,'Accessible','Operatiu','1973-02-05'),(6660429,'L4',17,'Accessible','Operatiu','1974-05-16'),(6660430,'L4',18,'Accessible','Operatiu','1974-05-16'),(6660431,'L4',19,'No accessible','Operatiu','1982-04-19'),(6660431,'L5',20,'No accessible','Operatiu','1959-07-21'),(6660432,'L4',20,'Accessible','Operatiu','1982-04-19'),(6660433,'L4',21,'Accessible','Operatiu','1982-04-19'),(6660509,'L5',1,'Accessible','Operatiu','1983-12-23'),(6660510,'L5',2,'Accessible','Operatiu','1983-12-23'),(6660511,'L5',3,'Accessible','Operatiu','1976-11-23'),(6660512,'L5',4,'Accessible','Operatiu','1976-11-23'),(6660513,'L5',5,'Accessible','Operatiu','1976-11-23'),(6660514,'L5',6,'Accessible','Operatiu','1973-02-05'),(6660515,'L10S',8,'Accessible','Operatiu','2016-02-13'),(6660515,'L5',7,'Accessible','Operatiu','1969-11-30'),(6660515,'L9S',14,'Accessible','Operatiu','2016-02-13'),(6660516,'L5',8,'Accessible','Operatiu','1969-11-30'),(6660519,'L5',11,'Accessible','Operatiu','1969-11-30'),(6660520,'L5',12,'Accessible','Operatiu','1969-11-30'),(6660524,'L5',16,'Accessible','Operatiu','1970-06-26'),(6660525,'L5',17,'Accessible','Operatiu','1970-06-26'),(6660527,'L5',19,'Accessible','Operatiu','1959-07-21'),(6660529,'L5',21,'No accessible','Operatiu','1959-07-21'),(6660530,'L5',22,'Accessible','Operatiu','1959-07-21'),(6660531,'L5',23,'Accessible','Operatiu','1967-10-05'),(6660532,'L5',24,'Accessible','Operatiu','2010-07-30'),(6660533,'L5',25,'Accessible','Operatiu','2010-07-30'),(6660901,'L9S',1,'Accessible','Operatiu','2016-02-13'),(6660903,'L9S',2,'Accessible','Operatiu','2016-02-13'),(6660904,'L9S',3,'Accessible','Operatiu','2016-02-13'),(6660905,'L9S',4,'Accessible','Operatiu','2016-02-13'),(6660906,'L9S',5,'Accessible','Operatiu','2016-02-13'),(6660907,'L9S',6,'Accessible','Operatiu','2016-02-13'),(6660909,'L9S',7,'Accessible','Operatiu','2016-02-13'),(6660910,'L9S',8,'Accessible','Operatiu','2016-02-13'),(6660911,'L9S',9,'Accessible','Operatiu','2016-02-13'),(6660912,'L9S',10,'Accessible','Operatiu','2016-02-13'),(6660913,'L9S',11,'Accessible','Operatiu','2016-02-13'),(6660914,'L10S',6,'Accessible','Operatiu','2016-02-13'),(6660914,'L9S',12,'Accessible','Operatiu','2016-02-13'),(6660932,'L10N',2,'Accessible','Planificat','2010-06-26'),(6660932,'L9N',2,'Accessible','Operatiu','2010-06-26'),(6660933,'L10N',3,'Accessible','Planificat','2010-04-18'),(6660933,'L9N',3,'Accessible','Operatiu','2010-04-18'),(6660934,'L10N',4,'Accessible','Planificat','2010-04-18'),(6660935,'L10N',5,'Accessible','Planificat','2010-04-18'),(6660940,'L9N',4,'Accessible','Operatiu','2009-12-13'),(6660941,'L9N',5,'Accessible','Operatiu','2011-09-19'),(6660943,'L9N',7,'Accessible','Operatiu','2009-12-13'),(6660944,'L9N',8,'Accessible','Operatiu','2009-12-13'),(6660945,'L9N',9,'Accessible','Operatiu','2009-12-13'),(6660954,'L10S',1,'Accessible','Operatiu','2020-02-01'),(6660956,'L10S',2,'Accessible','Operatiu','2018-09-08'),(6660957,'L10S',3,'Accessible','Operatiu','2018-09-08'),(6660958,'L10S',4,'Accessible','Operatiu','2019-11-23'),(6660959,'L10S',5,'Accessible','Operatiu','2019-03-02'),(6661137,'L11',2,'Accessible','Operatiu','2003-12-15'),(6661138,'L11',3,'Accessible','Operatiu','2003-12-15'),(6661139,'L11',4,'Accessible','Operatiu','2003-12-15'),(6661140,'L11',5,'Accessible','Operatiu','2003-12-15'),(6669902,'FM',2,'Accessible','Operatiu','1928-10-24');
/*!40000 ALTER TABLE `estacions_linies` ENABLE KEYS */;
UNLOCK TABLES;

--
-- Table structure for table `linies`
--

DROP TABLE IF EXISTS `linies`;
/*!40101 SET @saved_cs_client     = @@character_set_client */;
/*!50503 SET character_set_client = utf8mb4 */;
CREATE TABLE `linies` (
  `nom_linia` varchar(4) NOT NULL,
  `desc_linia` varchar(100) DEFAULT NULL,
  `origen_linia` varchar(50) DEFAULT NULL,
  `desti_linia` varchar(50) DEFAULT NULL,
  `nom_tipus_transport` varchar(11) DEFAULT NULL,
  `color_linia` varchar(6) DEFAULT NULL,
  PRIMARY KEY (`nom_linia`)
) ENGINE=InnoDB DEFAULT CHARSET=utf8mb4 COLLATE=utf8mb4_0900_ai_ci;
/*!40101 SET character_set_client = @saved_cs_client */;

--
-- Dumping data for table `linies`
--

LOCK TABLES `linies` WRITE;
/*!40000 ALTER TABLE `linies` DISABLE KEYS */;
INSERT INTO `linies` VALUES ('FM','Paral·lel - Parc de Montjuïc','Paral·lel','Parc de Montjuïc','FUNICULAR','004C38'),('L1','Hospital de Bellvitge - Fondo','Hospital de Bellvitge','Fondo','METRO','CE1126'),('L10N','La Sagrera - Gorg','La Sagrera','Gorg','METRO','00A6D6'),('L10S','Zona Franca - Collblanc','Zona Franca','Collblanc','METRO','00A6D6'),('L11','Trinitat Nova - Can Cuiàs','Trinitat Nova','Can Cuiàs','METRO','89B94C'),('L2','Paral·lel - Badalona Pompeu Fabra','Paral·lel','Badalona Pompeu Fabra','METRO','93248F'),('L3','Zona Universitària - Trinitat Nova','Zona Universitària','Trinitat Nova','METRO','1EB53A'),('L4','La Pau - Trinitat Nova','La Pau','Trinitat Nova','METRO','F7A30E'),('L5','Cornellà Centre - Vall d\'Hebron','Cornellà Centre','Vall d\'Hebron','METRO','005A97'),('L9N','La Sagrera - Can Zam','La Sagrera','Can Zam','METRO','FB712B'),('L9S','Aeroport T1 - Zona Universitària','Aeroport T1','Zona Universitària','METRO','FB712B');
/*!40000 ALTER TABLE `linies` ENABLE KEYS */;
UNLOCK TABLES;
/*!40103 SET TIME_ZONE=@OLD_TIME_ZONE */;

/*!40101 SET SQL_MODE=@OLD_SQL_MODE */;
/*!40014 SET FOREIGN_KEY_CHECKS=@OLD_FOREIGN_KEY_CHECKS */;
/*!40014 SET UNIQUE_CHECKS=@OLD_UNIQUE_CHECKS */;
/*!40101 SET CHARACTER_SET_CLIENT=@OLD_CHARACTER_SET_CLIENT */;
/*!40101 SET CHARACTER_SET_RESULTS=@OLD_CHARACTER_SET_RESULTS */;
/*!40101 SET COLLATION_CONNECTION=@OLD_COLLATION_CONNECTION */;
/*!40111 SET SQL_NOTES=@OLD_SQL_NOTES */;

-- Dump completed on 2021-04-19 16:06:16
